{
  "stats": {
    "timeMin": "2000-01-15T00:00:00",
    "count": 10,
    "offset": 0,
    "nextOffset": 10,
    "timeMax": "2000-12-15T00:00:00"
  },
  "entries": [{
    "context": "time_zlev_lat_lon",
    "axes": {
      "time": "2000-01-15T00:00:00",
      "z": 10.0,
      "latitude": 49.5,
      "longitude": -50.49999999999997
    },
    "data": {
      "u": 5.937192916870117,
      "v": 0.11202297359704971,
      "w": 11.47663688659668
    }
  }, {
    "context": "time_zlev_lat_lon",
    "axes": {
      "time": "2000-02-15T00:00:00",
      "z": 10.0,
      "latitude": 49.5,
      "longitude": -50.49999999999997
    },
    "data": {
      "u": 4.743940353393555,
      "v": 0.5978343486785889,
      "w": 10.427130699157715
    }
  }, {
    "context": "time_zlev_lat_lon",
    "axes": {
      "time": "2000-03-16T00:00:00",
      "z": 10.0,
      "latitude": 49.5,
      "longitude": -50.49999999999997
    },
    "data": {
      "u": 3.575047731399536,
      "v": -0.9129931330680847,
      "w": 9.554756164550781
    }
  }, {
    "context": "time_zlev_lat_lon",
    "axes": {
      "time": "2000-04-15T00:00:00",
      "z": 10.0,
      "latitude": 49.5,
      "longitude": -50.49999999999997
    },
    "data": {
      "u": 1.7229785919189453,
      "v": -0.20937982201576233,
      "w": 8.131121635437012
    }
  }, {
    "context": "time_zlev_lat_lon",
    "axes": {
      "time": "2000-05-15T00:00:00",
      "z": 10.0,
      "latitude": 49.5,
      "longitude": -50.49999999999997
    },
    "data": {
      "u": 1.2662155628204346,
      "v": 0.24141182005405426,
      "w": 6.245646953582764
    }
  }, {
    "context": "time_zlev_lat_lon",
    "axes": {
      "time": "2000-06-15T00:00:00",
      "z": 10.0,
      "latitude": 49.5,
      "longitude": -50.49999999999997
    },
    "data": {
      "u": 2.1460843086242676,
      "v": 0.9425407648086548,
      "w": 5.74296760559082
    }
  }, {
    "context": "time_zlev_lat_lon",
    "axes": {
      "time": "2000-07-15T00:00:00",
      "z": 10.0,
      "latitude": 49.5,
      "longitude": -50.49999999999997
    },
    "data": {
      "u": 1.8298293352127075,
      "v": 2.6227529048919678,
      "w": 5.481565952301025
    }
  }, {
    "context": "time_zlev_lat_lon",
    "axes": {
      "time": "2000-08-15T00:00:00",
      "z": 10.0,
      "latitude": 49.5,
      "longitude": -50.49999999999997
    },
    "data": {
      "u": 2.0974442958831787,
      "v": 1.6682549715042114,
      "w": 5.771543025970459
    }
  }, {
    "context": "time_zlev_lat_lon",
    "axes": {
      "time": "2000-09-15T00:00:00",
      "z": 10.0,
      "latitude": 49.5,
      "longitude": -50.49999999999997
    },
    "data": {
      "u": 2.6578564643859863,
      "v": 0.5432454347610474,
      "w": 6.9756059646606445
    }
  }, {
    "context": "time_zlev_lat_lon",
    "axes": {
      "time": "2000-10-15T00:00:00",
      "z": 10.0,
      "latitude": 49.5,
      "longitude": -50.49999999999997
    },
    "data": {
      "u": 2.8377273082733154,
      "v": 0.14493028819561005,
      "w": 8.257330894470215
    }
  }]
}